account.id,score
0x0aa05126f46862cb8cc097a4d6f0f47ddfba0a7c,100
0x1954c8cd151de0d0946fcc1e8a97545f711e2380,84
0x1cd2eb4e9b2efaf76fc6637b5d3ce3498d5c5000,84
0x1fa02e36cb086f2a89adba718c65db7085d16756,84
0x23395e68e4a65b5b9b33e3819f6a3058752a1a2e,84
0x30caf91380d5911d417f5dada36f145897bc7f72,84
0x3584ca77ba08bd8b3fe4762e60eb284e37696829,84
0x4d37f28d2db99e8d35a6c725a5f1749a085850a3,84
0x4fe95c36bb9b3a81f278569525162f91615e77d7,84
0x502cb8985b2c92a8d4bf309cdaa89de9be442708,84
0x5142126b4573ae1a23e4c8ab2a16631cae725325,84
0x540467e4d66cea16598240ba82215f459c9b988a,84
0x57ef012861c4937a76b5d6061be800199a2b9100,84
0x60ad81273c776aea562faeaa601ffc1680ae929d,84
0x6168bb05ccb4aaded0169602bbb6e3cae12902c5,84
0x61ad994108a0d4b8a2dc60129362ffa62342bbd2,84
0x8c863333c2e92f02e01f7a3c6d131e4d59f78990,84
0x9ce8f85083fcf364467a827cb15730102306ed1c,84
0xa24f2e6dcbd2da9a220958401dab74b365bd34e1,84
0xbc9c92922d98f2896e173b6c197b7fc1674324c9,84
0xc6d1cbd356faa71447a86c2faa68e6456907e816,84
0xd00ae74b8a2a0b3c17636cdcf4c4e72149f2ee20,84
0xd2adb7b4df854631fa0f790a93b2fa25fad3f56e,84
0xd527c56dc2ac6a71f04242548039d07006e9103e,84
0xd593193c672f5a8f999c0f3c8f2f46521fe84691,84
0xd888dafa1df40c262c10d0479b9f0b8d8d2cdfc7,84
0xe1447914f234eb30f8725b2f564e60a655e39cc0,84
0xefd0199657b444856e3259ed8e3c39ee43cf51dc,84
0x0006e4548aed4502ec8c844567840ce6ef1013f5,82
0x003c52a71c887461087154eccced08cb1c5384a5,82
0x03e3702d91098350d057ded0a05095f703bba2e7,82
0x07326cbe4792e8e3c1f61c66fefee8253eb2db0c,82
0x0be0ecc301a1c0175f07a66243cff628c24db852,82
0x0f3c2476fbf0ed09dff00ea7f4ef252dcc72e6f1,82
0x19360799a15730fac556088793895aa7650ee442,82
0x2142efcb2870affc21b4f2ebbe3976f446ce2b90,82
0x2b19fde5d7377b48be50a5d0a78398a496e8b15c,82
0x3596c017ad351628cd31980837c0938ddbad7e49,82
0x381a17eb78501498fa183c81648b4165826e1af7,82
0x39dab51b477cdadee45191abf283ec8b3e4108a3,82
0x3f70d4927adfad26eb7b1574eea7939d347d902b,82
0x40335581dd8692b698762168908d4ea23b0b94f9,82
0x4654f56a64301b9b582f843f97332d96ead11ff8,82
0x4ae0dbd5c700c64faaf85678fc1fcdf6aba5c5dd,82
0x4f5c0754c5f90e722d78964644bd29687b87c584,82
0x5519b78b0f40d62a110c787317a9833f36d937d8,82
0x606420fc17e08ce7d85a5068cede5542c0e47128,82
0x627c5ca5b6a3b1985c6f9aa8f11d4f188debfb97,82
0x64ae361c1c55f61a02d2c67a4c78457d5169ac56,82
0x697c62503e0e2767741f55ba8a7d62fd78718444,82
0x6d4090db32d7dd417668489964c05ed6811671f0,82
0x7ab83b5e9a93f55cba6776fee1b6b8a73f78dc5b,82
0x84443f61efc60d10da9f9a2398980cd5748394bb,82
0x84d99ef0f45a7d16a61f83955cc3147ffaea9a3a,82
0x8878d85f8e7e73645b92e004f4e557488ab32725,82
0x9b4e28020b94b28f9f09ede87f588e89c283cffd,82
0x9e46ffd82439c6c6017541bd4ae9986b64eab5a2,82
0xa1872b9b494556777d2b3ac5e699cf7fb377bafc,82
0xa43d0765cbe4d17830fccdb27a77fb22dcd5bb35,82
0xa85efd19852f56990a708d5d38d49552e8c75512,82
0xb0ca35bb14a17c41a87e81e91d299245ae0f9b5c,82
0xb3597a560e312af23349f599c3318b79e244ef72,82
0xb4756d65812236c4c82c768e7dcc58adb6cac975,82
0xb6a115cd4933cc404835279c0c562f67b74182cb,82
0xba2f752f7eccb6acffd73e532586050bf0a1fc32,82
0xc766ca67ed7216bf6f67e449f9789daddcc0e9ee,82
0xc95be28595eb64485dac63ad14f15e41c94ee468,82
0xcdc65de2a7bc4b56d20e98a387c1528e58bf3441,82
0xceb9e948ce562b3b3eaa2495e39841a62815a524,82
0xd19604efb40ece1efd6df5de6d3892112b51e99a,82
0xdec7eccd6e1abf4149b36ad5dd53afaf20eaa1a7,82
0xdfb00d9a518d82c9141506bbc6fb1fe5e727f55c,82
0xe34c3fb6f252c676f3697d5b913236ca3510f36d,82
0xe40afc776c18d8925199dcce78d0b06c9222b896,82
0xe69f609c75f8640fa034166c63929f2875c01343,82
0xeb64340f380b8c2e708c390a1a6be7d7c9c1c4e8,82
0xec8e446c52f2d4ac9048aff1813c636ac8334fc9,82
0x000be263b3ceb55d22ed9b40d7619f62c4862c80,80
0x0598df9ef51616e9c015a4f17918507259b22baf,80
0x08072a5fbc90eed1ca4fb863c1df8aa1fec61cfa,80
0x0b9b7a99308064bf1238dff693237429844fa623,80
0x0c31b6605686aa26df47eb45af0e4aa6639a5fd6,80
0x11e03d11ba8328b345e21a9c6ad442b64ec85e11,80
0x121667b6690f5040c672c3df912a5aaf8735ca23,80
0x165f43003b24d1f8a241ba1883da28eee6a9da94,80
0x18456bfb605e238af478e4af64bf5a2b5304a31e,80
0x1ee5d92751c7141798b399dffa49e41591bf3caf,80
0x2025a9196d6fa1011080845c6877f6460cdb302b,80
0x206e3058eb8ddae476ca1e3936259209dc01c2db,80
0x23732c68e444c09fca1c139d9e90a58217560224,80
0x25f5767d16002de565951051a2d0407583b22e6b,80
0x2871b76c348e12b88a28cef388d37326e85e2fec,80
0x30c2cc2a570378e2422fc75acd240978dfafbda9,80
0x32a4edb6edf93286fdfd6ea485d02d6a7baf4c1b,80
0x380e92c897b0856cc4ffdd0accc21ba01c9327e9,80
0x3825c8ba07166f34ce9a2cd1e08a68b105c82cb9,80
0x3979f8fd1176e266c0b8497ec74cbeab82949a7d,80
0x40941f5619974c639fe13fe977fd92805fc10ec3,80
0x40e652fe0ec7329dc80282a6db8f03253046efde,80
0x410c8568c94f707008bb7a5afd36421b0cf6c307,80
0x41b96e9c6758d12a7a1f67952466b2e104532604,80
0x41bc5e34131559048b12006a5a8889b122a1d57a,80
0x445c55b9a5338c45eea6f4cc9c1840883729a878,80
0x4685bb0077179b45095a3c2a175acd9b3cd59d1c,80
0x492ff1c96b398297fcacd6e7e1e968d2b2fc7da0,80
0x4b3a7af8c712d2bd0068f012a9426d2dc1073d2c,80
0x4d447a38edcf79f3ef588518413a55d717a93f9b,80
0x520632e2a0744d5e412d940607057712962678c9,80
0x540b3f3705ea15a75f759c74fa046dbb47d08981,80
0x5445f987ff43fe2b2c31b86ebfc585a3d6b02120,80
0x54f987c0a786031357427211046d9e7ef61f3891,80
0x58df55d6ab2db99d440241a607d91898b9ffd046,80
0x602dc1d22884e333fca32eb03105773c3b97b22b,80
0x608b0012afe1bbce4dde992d53a2075d74762040,80
0x60c514df3dd8bda1d67ca0f6e2d9184f4aefb279,80
0x60fc976145dd135c6bbc7df9406a60e8c2123850,80
0x6275515e9cf53d2c16a417eb321bf34ad83e7212,80
0x6378584a7b7916b303fa9398f465f92647033be7,80
0x644239848c7b402d813295893db428aae7cc4cb5,80
0x64ead14ad73ac013dcfa181ca72c13e935fb3c13,80
0x67bbbccddd394c2cfa15d3958904858b21040cc6,80
0x6996c784cda7a2841c3a6f579c896477586a1d9a,80
0x69ebcd09782fbe0712706c4904e4b3a49fcce5fb,80
0x6bc497332b40127d7202dc3bd9a9ec9b42a0108e,80
0x6d0e8bb55f2fd4a11dfb8e8382310c125df11bcb,80
0x7185fbff199928cbae71990ecb3cc4a7be2ff00a,80
0x71bb861eee90ebc82e9ee26778309560fd361538,80
0x7582ac6dc157ed93da48c46593daa011b99e9e3b,80
0x77d8c672d9fc98e44a036b2b24f51a9613da7e41,80
0x80cbe79db5cba89d98b751d706f76b7980176293,80
0x8662f71896d5770e2991a2e6fc1836c5c5ba3a67,80
0x89ff1c432d8adf7b4777117f91d58d4b64595ca7,80
0x8ae928cb080aa43a50393cd08de208ef2b1bb86a,80
0x8dbe431939b9c323d42e6ab160870a01f1d09549,80
0x90acd0fd2aa57ceb17bea4b9a7c95071d94c5ef0,80
0x9512e79aa38f53a6a758930400e2494bcb5bbf0a,80
0x9df06d2e25378f01a405c93310e289e8d06c9841,80
0x9f3226e9de5983804e7003a779ef2e59f7e09733,80
0xa00c99f5f955552742f1089ded88abdc74e67bac,80
0xa47f3ca11de68f500355dfd12d8c1b0e4f264f96,80
0xaaf4d001080b511df8ad90090c435ac1affc5a1a,80
0xab95c29198f082b86c2eed5b7c18aa5b80802394,80
0xb00ba6778cf84100da676101e011b3d229458270,80
0xb027257430f0e4dc0fad2184ff4b415761e8db20,80
0xb0804b6dbe7159bddc1b6c9c00c796d94eee1858,80
0xb6317af995693789900f85b2d93d1dd0f5deb558,80
0xb7128fb2180aa8d93c769ee7d261950c9acf002b,80
0xbd9ed130a53cfafcf81502e4d35329a6c4d53410,80
0xbed4e3cd89918563a9ce4b04cf5379daf566bd53,80
0xc08b8d37fcea0a2a3cf3b7120995577b309ec33d,80
0xc5b1928cef3298a5b27a09055bd57149c19edd7e,80
0xc64de5e0f97c21606e1f31426eb5c98ab729c08e,80
0xc8bef1a50119389ae31d2e426f7c71bf8cc10def,80
0xca07aacbfa8508e4aeb2269ae364e185bc9421d6,80
0xcc1e0a566dbd10869c071c811aba436357858f05,80
0xce9d0fce9560d8ee4b3fd9a2291635ae9843aea5,80
0xd062eeb318295a09d4262135ef0092979552afe6,80
0xd3609aee138dec27fb63395dc58b5f0c7ab701f2,80
0xd6390178b2002a0758e8b3486fddc1c4bc23ebe1,80
0xd6d81f6901d7230b599e3da4807f8de1a15651d3,80
0xd80c8da4b37cc49a5ef4521fccb56052378b1c78,80
0xd84e11bee5d555ccd905817cb8cbbd5b6e6c4f0d,80
0xd8cc3c23c9feb635ba1b18fd449188dda3b086c0,80
0xd9a25a008d5e5973a7e439002327a62d56adaab5,80
0xdb0c8dcd4dbd6b4504defbf3848e0123b012b68d,80
0xdbba7dd8177011af247adfab3828d6ec6a472bc8,80
0xdd7c40ad9dd3ba5708e3cc6deb90fcfc37933e09,80
0xde1d3f6b9fe90a9b64064ce5fd7343bff0bb939b,80
0xe0819c89815a3376e2a9a02d77e4e4a8c8387adb,80
0xe264d4f4169ec460c86019b94e390d3957135b6b,80
0xe2850aeceac7e8d955813100098606bfd1a01fdb,80
0xe364d707d9929e1685cfa3914ee427f9d4a89675,80
0xe41086f6e4801bf49c0f9e24fb147cdfaf952a89,80
0xe4b0fea2c1c6c90c356bfbbe04b7233a3f144c00,80
0xe5a3d77d7788a83f3549dd7f08fc2aced7e262d2,80
0xe670c92e93f88761004f86b28c101cd8b9ca57a9,80
0xe80d953d0b4f2931549473e803c95f559b6ea58e,80
0xe826cf83f03732ea35eaf4cd9627d57529feca4b,80
0xec75e6ae612401d4188266eb731697339b9b0f36,80
0xef90422ad2b181465d4c50c79018072e1976618c,80
0xf11d95bd4c18e4a792cd3ffb581e2c30890724a3,80
0xf17871042913d86d93d3ad7c5c5ccc5bd60cb5ac,80
0xf3c97135aa789fd6437d5bb67d32307bd7edac16,80
0xf41f0d91b6c49abe748fa75ee22a232750b778a7,80
0xf8fbc9298650f49f9b6280ead636c1811c6ca1a1,80
0xfeb79a4e213906571c20b6d6a1a3dc45d8355c1d,80
0xff2bbb591d9ee23259e3e95d931ee59a61b2212f,80
0xffdc0c7dff4bdabc76e69f1ffd0c11d54b21369b,80
0x97c21083c8c62a2e3db72ca4cac91b138a07872a,79.96778054
0xcd47c8194c0ea6b938327cb82b4f5b9aa0941c61,78.67421262
0x000000aaee6a496aaf7b7452518781786313400f,78
0x0029ab135b5be72168bf80f140d60a9264dbd0c5,78
0x002f9caf40a444f20813da783d152bdfaf42852f,78
0x009b56330ae5ec5042b9ca46ddb3043cc0d006f3,78
0x009b6817807c332b9445f5c9cf2ac94631fe876e,78
0x00fe460a15b49d09f39b057d0f1a7b9444f4f2be,78
0x0118289457e9fd02c05e37e27a11bd09d3500021,78
0x01b29eb97ec05b81abd72b77035d99dc1b482c1a,78
0x01e7f16e17c50d070eb66787f25ce3be405d6038,78
0x0215c140840b896e1e371525d1f70cefbd09aafa,78
0x0385f650cc068367fcdc2f9f739766f82405fd09,78
0x03d4695df4b8d321d31c94de8f430e3450f50498,78
0x06a437b2afcd7b6261bc26399b30f0102eae3af0,78
0x06d57af6792edf066046aaf958d92ae5558e0e56,78
0x075102800212aef1077cbb021f710397792e22ac,78
0x083674408a89ccbb0fc9653cf93a1de0b017a2e2,78
0x10aa95a9a64b4a72af7f26ea92c737d99d0d5da8,78
0x1303b9d1d5fdfb7d822c7e285de118280a4a17e3,78
0x13dc08f5ddbcbfdf6ebc04c909c3052a2aa7a111,78
0x14ffae1d2804eaf261586a6378218eb5e7235066,78
0x152b8c153e4f18bfe1cb3f2eaa563813c758e279,78
0x15c423e2c5e4980d556acd3a02ccb160d0a1d03a,78
0x1699bcca0cb5ee41049d5e3cbff75c31bc0f15cb,78
0x197a78fe1bd3bbb64c1325c027bde8f67bac1770,78
0x19a80349afe1ebd2f4eeca0e49ca5bba282ff049,78
0x1a78e512008b2fac6cea2b8d8e54f1e304f3cd2d,78
0x1b1bc8b714737c8456a0590d307d73da2a4d9249,78
0x1b3e1786c3f8524ca0f3175b0b37bcc1bee5a6d5,78
0x1c7c13756d70a3150caaddf10861eb11634d2731,78
0x20aec996ce9d508a7f51b2a217bf6a87b6be0ef1,78
0x2235cd349113837ffc6d3e41ad8f64a84f3d20e5,78
0x229229284c0ea7c2a898765a5652fc03f0e35293,78
0x22b660f6e6a007acea649acd028a8d057c15620c,78
0x23c1d8550966bf6a1fb04fce5dee74c8dd9eab33,78
0x24a8c6a987c8249bf507dd7638bd832b11a5b65c,78
0x25f952c6b87d3a9c48ac86b61f27b81a6f2ed332,78
0x2848b9f2d4faebaa4838c41071684c70688b455d,78
0x298afe764ceade43ba80ac4390195e8d9451d6ef,78
0x2fe55ecd0813821a209a944888206cc4dafcbe17,78
0x30887fc55cbfad3487cb55bfe1779f6d2ba1c118,78
0x3566974231473a3456d2305fea0bb0944d2ed698,78
0x3591d261da9ca19d83de5028d4caa02f22aaf9ee,78
0x35d3da57064d2f5ec5f0824caaa839a43026bd41,78
0x372cc010c6677434739398463c6bc11e995ebf26,78
0x3b38a44e2c4902c4734c552dd38d1cd6f91cfb2f,78
0x3bab311d8386cc6ee340bf9dc54deacc7b73ea5c,78
0x3cc228f907bc37cbfdc1e415d2129d68aa3c4864,78
0x402a75f3500ca1fba17741ec916f07a0c9db195d,78
0x40d83d66673ec330c3cdb45b6ac9eb884d262a71,78
0x44e88af9ccecc4de798737cc70ee011f6c38d00e,78
0x4590219b226e50fe8ee023665a087e4eeaec1e1c,78
0x45ce9d7bdadb704c68242118e2b8586e491e5c51,78
0x469880d6013142ce79e6b795e6a9f3f564feaf7b,78
0x4846e45c101a8339be5489167f5aba5fcbf37bca,78
0x4952f5dde00a0677365e42d33bcc5a8abd4e2b43,78
0x4a356df984fd39a55ac7b7dd8ab66f4da66fe5fe,78
0x4c0e1f1c80090b6749f757262c267246aa3ace64,78
0x4f239dc9aed5cfed050d5898865137120be0bbbd,78
0x5029259f5f4125d6517c2082b8b942657af3b509,78
0x5104efc872d45dba3a97bf02aebe240dfc283321,78
0x5212f225f58b8cd4c1cf2a10dcf047449dcb5d86,78
0x53738166c362470e3d1c62811f99798434025d3d,78
0x53c404d148a5c7c164e259f07a87429ad79c00e6,78
0x54900a355ab53686acc198553665c0fa6810fa0f,78
0x55857b9a18e15a298136b3118af86bc9503b3eb5,78
0x59e406c3ccdd1c2aca7f34379706a6d697500323,78
0x5a7d7d8591de34678e8601a2a25f1ab06e90da63,78
0x5c10afd2e8c8ae7e282aea60759209f32edfe3d8,78
0x5d294292439fb1ee1d03be683dc283c4dfbb7180,78
0x5d345ad7e348fff3a339c61d6394ca24b094f939,78
0x5d6f8cda086a0837cdaf10e941f3d1d5e3e5531a,78
0x5e60c0a931d1901895a3ddf87f99640d4bf50403,78
0x61f9f97700d391d875fa14e020bd6f1e862ca10b,78
0x6555e1cc97d3cba6eaddebbcd7ca51d75771e0b8,78
0x683a42e5b414ae5cf79ece7e369ca5937fdcdc11,78
0x6a76274f50711486ab0799e75150130746ab542b,78
0x6b790599ea89be7f68268eea87bbba9cab5cfb68,78
0x6cbbd5d5e3f71280a568823adee4b18cc1be5e32,78
0x6cf35dd90be3717bf155dbb5db99477b5d84e368,78
0x6dc212f39c0325f32d3c3a864f8cc30bfa5d4cf7,78
0x6f21bfb01544afe0661280df5426dd4a8048c17e,78
0x70056d4450ddc31a61146fe91283aa3f645ec1e1,78
0x7186ce946a1bc87680ff0ed8e5d684ad27b3734d,78
0x72af4a7f781c35cc7c8d4c5042ab7a306ac8df3b,78
0x737284cfc66fd5989f2ac866989d70ae134227cb,78
0x7409956e1d10a00ea425722565790e2c77c40ad2,78
0x7639683ffe5573c68fde8a26f47db11e909ab1cc,78
0x770fb298e70df0eb42235671a53e3210dd2ec2e9,78
0x7a1437563a366169ca566e9bcb1f7482bedbff14,78
0x7a6ab4fe07d4b65a3a3b4a28cbde57ebaed9cd81,78
0x7a75da34c346f244e54fa2f71b25560efb1f9b20,78
0x7bc0ceafffc2f2322f07c3058ffbcc2fa7c2af7d,78
0x80559932fa7cf2707b40f4541fcd93eec4ab4266,78
0x8233b9df7afc7057dd3f670b81f394ff21bbbd08,78
0x8242d744f0d94f3a3e11258d727ec093e2b4589a,78
0x82f458f713ac9a366aa9c7e858f69454fde779e5,78
0x849f17c54d6dda08162ef328131048d95b9b2c71,78
0x84c23a698e9ff0a533fb3897d6832f8ac529740c,78
0x8510e03762a1b4ea8c6118048f50af0a28f88d12,78
0x86b7008723acc82651374ba81b951b2a8413743f,78
0x86e3209766b078527f77969f8013bec5dcdebaa4,78
0x8782696569cb4b825f6f1fb457c14dfb823187e4,78
0x88856d6ce40d223177c0b345ca1f74a089bb672d,78
0x893425f1e71fad6646eb70dd17a5f808a012ab4b,78
0x89555a4f31b06faca197cdf60fd996f1ba783feb,78
0x8af82f495137b95e59cbccecc4479f1e07df5f16,78
0x8e5d30f161ba3ebb09dc3c1f06515656af34baa1,78
0x8ec1675d89c4ff8579e461d593700292b9967b46,78
0x8f9e6dd01128cc3c148902ebfa648bfcb68ad1ce,78
0x9030b78a312147dba34359d1a8819336fd054230,78
0x9080860073ad25e31ee3bde8114ac5e7ec678138,78
0x91970127fd698b2716c36633ab396a797910a24c,78
0x9389e143dff86096766cd9ff82198857745a8d7b,78
0x93d30a4051df1363a11050dd5259494a609ed97e,78
0x95cfaddac52b76da6e858dd0896a46fcdf79e486,78
0x972723ab7c0121f8182b5f19a0015959fa776794,78
0x97a8b6076ed6164df582e598dfb363ffa770dd54,78
0x98390dc74aa2195174d937c92ec69bdf7e74bb6c,78
0x985c0748a95d30ba0585dbc33c4c366a56be8ed3,78
0x9b770e4300084059fafbca51adf7a3177d30723c,78
0x9c6d67c5fd1f78c3daee702b9a59183c0f4a9d17,78
0x9dafd2b0627955f9398f65324af581d44958d4d8,78
0x9ddc5b469e02cd486f8f77f3e8fe831468020085,78
0x9fd31424cfceab50218906bc1b3d87fe7778ca61,78
0xa010322f3eea1004d16e1687777440b78f2e558e,78
0xa218a8346454c982912cf6d14c714663c2d510d8,78
0xa4b5173309ac878db01dcea2b230cdcbc2cf6312,78
0xa59073c0e036edbdb5dc4e88f42bd9b32d6e968b,78
0xa5cd3bc3f3d34b3a716111643e19db88bfa649c7,78
0xa66aa61a67ee8dbd4a0dccd6fa6e3b0aaad49bc0,78
0xa7f3dfed2bcf7b35a8824e11ae8f723650edfb58,78
0xa82e4d575e09de36f09999c85c2d7237c957374a,78
0xa918add8803e65e97410ec42ae359dfe6663a8a6,78
0xabe65a54b5b5db177434ef4a84cf4b1512449e0c,78
0xacee7e48eb7ac0357d49d5c21cc4c1b5cb13cedb,78
0xae3c67b8aa12e458f2b4eafc0e9209710582c9d3,78
0xaf9e08f3020e624c945cc446e8759602049cb176,78
0xb082ddfd74748b763f52f04558e5f814a56de67a,78
0xb0848a5322f7d5d29416ac07b2df6e0cdb6c50d2,78
0xb4427280293c132fea5f4214782b87fd2a6c0b2f,78
0xb4dc65f8ade347d9d87d0d077f256afc798c4dc6,78
0xb4f82c737969262514458b802cc578cbf95430ee,78
0xb587e5af7d7131d5c0de77efda2979951dd6889c,78
0xb58f9800f74fea404b58f94ca3685d97e4fdfbed,78
0xb74bf8fe9fc050d48f298c04bb87463d2d82891e,78
0xb819706e897eacf235cdb5048962bd65873202c4,78
0xb9e5436ccbc77b8c25a3fdb53273cfde1e85990a,78
0xbabe31056c0fe1b704d811b2405f6e9f5ae5e59d,78
0xbeefdbfb1747399fed162c3b588d43a094353bd5,78
0xbfb7a43169b206e34d582f86c34e80347d170e2e,78
0xbfc54c36fbd010d53975ef38e90462c1a7afdb60,78
0xc3e1ceffc8087082baa045a9473edecf3773c122,78
0xc608abab7762e4b14b5693d8aeb4e848551a0c9b,78
0xc7f9ee3468bf061f64ecb960ed51ab2362f122d7,78
0xc9004eb172a1cf5afca47f38bea59231fbe96406,78
0xc968c8fd6b87874e17e37cb41e7d8b9bbc640c52,78
0xca8119e97013879b273711e92eaf9b8e387d77f1,78
0xcdf449b5c9bd2a725319163c3e7f2d7222c4d8c9,78
0xcf23abf7047685fb020ea16ee4feea3a195edcff,78
0xcfe638ac45cc776cda727b3d388bc7bf0219523f,78
0xd24e0a25b7a581d1adadd30c14b009047890e6f2,78
0xd3d555bb655acba9452bfc6d7cea8cc7b3628c55,78
0xd423381c0d2abce626384e09343a10c4e94c09fd,78
0xd47df21207181152dffc749eb3a66d8d91eb204a,78
0xd5c91f3ef6610dd5b1428bf9a67e3c03323c65f8,78
0xd6d30f186e802c1558b8137bd730f7f4aec17ae7,78
0xd70ad9c99996e46c11e018cb6f7e19c00b592359,78
0xd71b307f28c307ba2e5681117631d356d0eb34ff,78
0xd78f9e1f17bcb8f5b719d40b5dc262d9ecf9e9e5,78
0xd7a5d688b07a997fdee9896289f9d7d0f02c1f74,78
0xd8982cf39b93ca723ebbca49efd04d4777a9686b,78
0xdab02b8a30f1766f05ab309b5ff19f9641e2da6e,78
0xdbc9454541a32fc0cc1b76cfc674a76aab6233a9,78
0xdc95913ea736a669f9518dc58b90b5d7ea2c8c8a,78
0xe07e487d5a5e1098bbb4d259dac5ef83ae273f4e,78
0xe0ad79cdd7d049c9c12afcbffa33c58e118c48b0,78
0xe10746aeac9cc260afe434951bbbc48816ad1b71,78
0xe25b6d71bab6d363de5a5d20fbfd6e507760d3d0,78
0xe4e9bb2c6aabcae687352ba00214771dcd538a35,78
0xe6f6f9492098aad009faa3f9b84f35c0b6ee7f3c,78
0xe7186c0c4e6b249a269bd7fa3c3e1da54250c18b,78
0xe82542051b5e3ef94ce93c7a0473082dd3932bd5,78
0xe98bba5b0784a6c08b5e48d3382329ff54d4f42a,78
0xeb7f712da1b63321df34d12056c94e97aaa99939,78
0xecc996953e976a305ee585a9c7bbbcc85d1c467b,78
0xecf76e6901832b280502aa051b60536d0368dd39,78
0xee37f338220479c8f652e3557f02513bdb11c160,78
0xee68dc68913ee5606608c90d9b5db8ec4b12774c,78
0xef764bac8a438e7e498c2e5fccf0f174c3e3f8db,78
0xefea7656b79d8f5cdd4efe28ddf71855d9c7f447,78
0xf0ab8776883df3bbda2c8f27b2dce8b3609d88a4,78
0xf0b4fb521eee7561e746a2e01ef933c5a2225809,78
0xf7ab7c10b2ae4b4d505b037c987f8a59ff69ba6f,78
0xf84dc4cd6e5eb982cc6790d38842905a06174f8c,78
0xf9f2abcc9df889794b60f0791a784f5a97d32920,78
0xfb0018ad46c669b6a4c0e589c53db27daf7f7930,78
0xfccb964c514c12794509ed62fa274f0e284cee82,78
0xfdadbe4c8fba7bf5f2fe1ecc82cb55f14ba379b9,78
0xfde817c7a0770f42fb80b93dd7a538291c871765,78
0xfea0904acc8df0f3288b6583f60b86c36ea52acd,78
0xff19ad332cc5bb32703a3058c6f93ce177cfbb08,78
0x0048800e4f0f43c4867a9326402c69c28cd23bc7,76
0x0049fab7f5dd1f26f057bd5d972ffc6ba3c349dd,76
0x005839abcf30fc149dbac154d62cf00ce5a18351,76
0x0073c423a0b5d88b330d481301025db1ab65d891,76
0x01c623b3d66b8d28d2b6d1fc41e3c2835f1acd86,76
0x0235ecaa45c4ce4abaf58c21e70c103d1bd745d7,76
0x028ba041704644a05d49da2c72cd0ece5f37bc46,76
0x029d68ff4b05fc4102d8caa77e28c585a32cdd16,76
0x02a2ccb31d3e68bdebd90de2ea41b36d918400da,76
0x033e9b12438f95cdbe9170f313367f4c614c5fd4,76
0x034a4081df0c5a039d05113a7d0b334083a7b084,76
0x037233180981756cab77ae0ba784619cba7b3f87,76
0x0372c7bfbb5b38699d954faee540d6b90cafc877,76
0x043e318a6c11970e3f7950dff7bf51657337db2c,76
0x0470f22d198f15514085dd1fe72042d31ecddfa9,76
0x0489076a0d17394835af93cd62acff703b6814a9,76
0x053b7f29bc6d95182f0e54efc86549938878647e,76
0x054013b54780a61a2ec3f728c279c2440905ded1,76
0x0576903118227bbffed05c46271c03590f52158b,76
0x0645c4097ea0a49111afbc26b58612609183c927,76
0x072277b0ec9edc1f7bc35535af188b32f8042d37,76
0x076c95c6cd2eb823acc6347fdf5b3dd9b83511e4,76
0x09a0da7289a60809992d819530833f4053124090,76
0x0a6afb591cef197bd25ccc8e70a90909ae46c749,76
0x0b013cca6335dd62353ca60ecec9c39b5227d270,76
0x0b3c69cd19831da372f682ca593668ce73afa537,76
0x0ba43bae4613e03492e4c17af3b014b6c3202b9d,76
0x0c0b74126f0d4868750911d18ca74a174247ada6,76
0x0cbe265011306fd86438c7d23d0dfb1721c20763,76
0x0d5926184e886db1a736d88f0fb257be3f99ebd5,76
0x0d7c7bb9d42d6fe0008873e862fa03e646da0aef,76
0x0d81d65c3581140e1b82908340eb2f11ea0a0971,76
0x0dac0e020ce53159d02b06d062b61c26ef0cf469,76
0x0dc8ca1c9a3b11fca4cd9fab7202fb3eea82e778,76
0x0e0ec712b3912b5601216455a158cf18152cb62a,76
0x0e7644049d4db2aeaaea2938aa634179cad5954d,76
0x1055b1ba704158d78672179c61ef77eff2af6021,76
0x10aab4b0ef76aa2ac9b5909e671517a1171b050e,76
0x112d083ebe9ffbde9e0cebe5f4c3964f8e8533d7,76
0x1147359f0bee7e5e43e473a6d8fa11e79af0faa3,76
0x11966fd9273654925e0e37a481ffdf7f74567659,76
0x1198b3c8076b2c0af00d776389bf9261c6e50d89,76
0x13025800a6eddea918eae73b408eac60824f8ec8,76
0x134d7706f8f542f611a785cf30c693df302f4f24,76
0x1390743368d3d548cea3e371f8da81da2ffde2c1,76
0x14559df3fbe66cab6f893d8dd53f7bfe68de9c65,76
0x14c45cd15d33eaa8aa149e3ca0e6924db143b08c,76
0x153e016b77a1a0667af61c05187897075d526781,76
0x1564d040ec290c743f67f5cb11f3c1958b39872a,76
0x15ac14c5997e76322ed32ae54335ff284e6f92dd,76
0x1658a95d08bc44111a93f7afcab8444b7e8dc0c7,76
0x16ad4e68c2e1d312c01098d3e1cfc633b90dff46,76
0x16ea1f673e01419ba9af51365b88138ac492489a,76
0x1712808a5d99e8fa244079d50e2a3c46afcafb35,76
0x17c6f0a4016d782603e4f73a8db4ce09636728e3,76
0x17d0f4c303566119f6c7198c5a8166a58277a388,76
0x17e5a662b373673475c51b6db9d79bd291dce573,76
0x17f780e07e5525c20bf5f22b6c650052fa8605ab,76
0x187da357c4470445f2cb9476afc445875eefc6e5,76
0x18867ec16fe2cb6d5e973130eebf0c427decabf6,76
0x1955c2b76b1cf245795950e75eb176080879da50,76
0x199da66fea63520d64b213ee3e7eb7cdfb650d62,76
0x1a6e64a15cb07639eb27471e422a947085c2f4fc,76
0x1a872e42992e5aeea21b2825e67315cdf3e54511,76
0x1a92100c109e4cf051373137c08f8dad2b444e5a,76
0x1ae28ce914f57ccbfca65234425f07b04bce8671,76
0x1af86eec2d46160b784ab7f4ff9c62ec7294d762,76
0x1b2c2ff7a6140241440941fc3d5a29f1a0b53f2d,76
0x1c47fb66197f84ce3d92b1ebab9dfbaa656e8150,76
0x1d419c35db08d8bee2328e70251ec8766a11d71a,76
0x1d795c4f44ade46eff5a12bb70b1c75c4f1a214a,76
0x1daa25c573fb6a03284b0de08910e260a408601b,76
0x204d363bed977942e9ee1dbb24ad940b16cc02db,76
0x212ed0fadf06aa480d09fc1737b2912213ef6ab4,76
0x219c15508383577f8adba451c2f2367bc6ceb817,76
0x2346c6d59c3278729fbb3d472b6b901d2defe1bd,76
0x23a49a9930f5b562c6b1096c3e6b5bec133e8b2e,76
0x248d09b842142ed5e4ec79d95e62baa46bfb7738,76
0x24e09f0b6e050754a9ddee77d867a786a38339dd,76
0x2577a8539cb2194acd72f035dbb691ce5f406d3f,76
0x260f2c7873d0bb7646e9a73fdedefe15a3b9405c,76
0x26d8f0909a9bb3a1758024c90e8fd87f5d24d65f,76
0x271e19d7dfd108da0533822ec56f73febcbb24e0,76
0x2800baabf31d8e53e0f621ff08b94a9f91d9f1c0,76
0x291b58ab2557b806336b4a35c5643053e5511d79,76
0x2923be587904f3034ffab36c86c495df3c21bc97,76
0x29bc5fb2b177dd3432661ee5c67e7d7008350fcf,76
0x29e70746df7b25d9638387596dc0babf98d364a9,76
0x2a920979b6957c3afc4a04d23ba5b1721765336e,76
0x2ac4aed3a8295b967583a131f6214297f1ea531e,76
0x2ad9ea1e677949a536a270cec812d6e868c88108,76
0x2aefafa691982dd8431b03e584988b80c5c0b977,76
0x2b11b02f5b32056af20cdf8a45d4f680b303b3a3,76
0x2b2a36a5034a5804abc6d5ddf1c7792b47b13f0d,76
0x2b2a3ec84580f19ef7bbca1e76c105e0c336ae35,76
0x2b356149ad5dc8970f8666706d32c171a13f15de,76
0x2bff28a82bc4166d535bc9b803f77c09d47fb370,76
0x2c37d126bd45997c83f7bf79a066c5c7d146ff17,76
0x2c966676139ff93e16e8814dfdd91ffca9875e8a,76
0x2c99d50eb4daa1d26b5ba0b1daab58cbfc0ac3e6,76
0x2d29da8a41acea411189ae98ed73c9503e0dd4c2,76
0x2ee0b86ae26a615ab18958a65553f5d6498cfe98,76
0x301951f9bd3e21e404dd2a99a225aa38e0947ba1,76
0x3026a225d43c63bc36a1ccafae449c403069f9fd,76
0x304acce87b3dd9b5019d32fa53866060e5032325,76
0x3083c46eb15cc0c087a03f60269edf1de8186f38,76
0x308c4a67eb1480e739cfc18d0fd8805c55dd8402,76
0x30d726d4b64fee8de4f5d94c53859daed2ae77f0,76
0x3173acd056c8d6bb3ec849d3f6ffa90b8fda208b,76
0x3186ecc1be7c22a5bdd873cd3937a0c98021eee2,76
0x3230984e9d2d471d4fd75e19eedfc67aaaea0438,76
0x334ff7580ee92bb13d744cd309925560877122a1,76
0x336a566f0cd19c3379676f8932f26c9b1b1aea66,76
0x35b6148b640b40f60c55ee3996be795245adc8b2,76
0x35e283f461a9ca2e3a5765e72815c8d1dcb66ad6,76
0x3660581fd4bce34ae6d9d29f619e9561564f20ea,76
0x367f640ac2818c7af1cf917d6806316db3f14480,76
0x368c98027725a1dda451811d611d9cd5476b3524,76
0x369bb02409a711e1971f09fef41a093ba8536ecb,76
0x371ee509100af3eb863ed61b07825a50b60ab5c3,76
0x37de9d293350dc3fe3cb7a9339a94ba2b00a3668,76
0x37ded015a56e4f302f38d39421806c9d52c55e29,76
0x38227d153f7520e78ae9c9119974be6eececaa05,76
0x3848ce8d9c1287fd0419334e5f98c0514fcc7221,76
0x39218113be7f22d24dbe7ae156615199be3ab642,76
0x3996769bd6bf1f7380895bc969302804b3d3125b,76
0x39b8e8bc30bb95bdf45a623d5f6fbf2c47785a41,76
0x39bde2f9254cfef7d0487a27e107ef6c1685e44c,76
0x3a7d5efb476f6bc463cb0b06a2ef39d76db564df,76
0x3a97fab637726c68bb1065982746df2e7c4c6c7f,76
0x3b2e298b401d1e11ce6ee82b54792ca435ce81ec,76
0x3b38df411221126688b7ca4cd3b5c08144e558e5,76
0x3b48461a085ab50996fd96b0cc12a557be91aac9,76
0x3bd856465321ead1605286938493169e9c9011cf,76
0x3be2177c4aac862c9be9a01ad2fbd3d62684ee5f,76
0x3c2cb7943e7d0e42e55de96983a34a732dbb7816,76
0x3d401fb42e2f5c1ac97120eac015dad48713cccd,76
0x3d56fddc5e111fed6b5e02afa6ce9e83ee6bd30e,76
0x3d8193e5f93fad3ebcd27b05d8b98f4d97ed3004,76
0x3e0cf03f718520f30300266dcf4db50ba12d3331,76
0x3e6997f8a7237215fa9b56277f5beb88aacc9251,76
0x3f62cb3a1a93043f7a9fbdd7029d7c907820b12d,76
0x3f94cd5967d3ca52f9f6df503779eef92b7805a5,76
0x3faee3c76470ea021eb030314c57acad40944e7f,76
0x403a4dafeb9f30af465261ef0aa01f8c12441f09,76
0x40ae7449419df850591638fb43b13d4cfa06c9ab,76
0x413662ef87c5714c0f91294b3b39f5ec4a84875a,76
0x415f0d59c06ccf2bd5146c1d8b1e8ee9437045f3,76
0x419385075dff229926a63812ac1adc397ac32e27,76
0x419e0d48a5d64e90205d1c28edcb7fab04a0a88d,76
0x41c7b33b8e7fec43e4f860f79c2a4314e3c54089,76
0x41f2c7d530bb3ba3d9ef993c1892d95fb5deea95,76
0x42075dd2fd29bc6a10330715631df6d8b698ea61,76
0x425d16b0e08a28a3ff9e4404ae99d78c0a076c5a,76
0x42ba209ee3547019ece148e7e34e5f268f6bcc8a,76
0x44690cc3c6a8098406f2837e9e1780f32f0b3486,76
0x44e59f7c598644a68975ef41fed052362c4c8ed3,76
0x45b7441473c406241c595f85f1b76ceb57eee293,76
0x472dbf5a1b070f9efc2491cb3b98445e06599e21,76
0x47486720f580b527fcc7fda72ffe1915f8c02107,76
0x4794764b746913abe38dbc7a373022bfee5b4a06,76
0x479cb37b53d5eb04b6a337ac3d2ea447619eb87e,76
0x47fea52a4b79954fede50ee07b3f5d22696c8586,76
0x49a1eb39534f378722036d41d3ab5c92e86b55cf,76
0x49b357c9acaa84a0cb978571b642b825e964b2cc,76
0x4a02314976a755cc5b7b2482f25170714e903a30,76
0x4adaeef3521509a73d6f71177c4ee2cdd184b734,76
0x4b1f2b10a8c7d8b37ecf45659cdeddb54f84253e,76
0x4b2d0c42d444ef7f2affc41f648e5882ad2189c9,76
0x4b64d0184b0676e3d4b79c96e9123a8583aafd4d,76
0x4b8673ca1b5c9f08cfffce527fec9173c35e27f3,76
0x4c0c59f3e1e8727c60ed7bdddbb454ce4814458d,76
0x4c54253711cd8fecb245c864cb0bc40189d3ce78,76
0x4cfd6c324110069431752ee6e6cb1a646f030cb5,76
0x4d25819e9de2a2eeeddca953d1ef0182680a7054,76
0x4d42307abb9b2fc8b822d564bc05c505946de1c3,76
0x4e058516eebf1db6b50d0c4396c608de25a77545,76
0x4e5ad6abfb732ea26920b8cb89da8fb33961dc44,76
0x4f3a36c91c392781536348c03dfb8f6e265c277d,76
0x4f80bdb1ad0ae62e1a7b156f4f89382135c81808,76
0x505e20c0fb8252ca7ac21d54d5432eccd4f2d076,76
0x506b290dec05156fbcafff81b602e4b3717e95ab,76
0x5081891d84cf21beeb950b59e445406328c61aee,76
0x50f3decb7eb2dc7a8899020225fb4f8fb4a74647,76
0x512fce9b07ce64590849115ee6b32fd40ec0f5f3,76
0x520ef574f275bb54bac66781834a3ee20e9b6e3c,76
0x52405eff99dd4c2015463dc511573344f2e2e8d7,76
0x52feb9bf6f37bbd01309515feec062632f5ccb2b,76
0x535574b576dc7057efda800056a257801e33632c,76
0x53c3f93d5146b3c1dde50d20e6f0422747fb5b7b,76
0x53cb1ddfefdd43a6a0f6f69ceac8f531b12bb780,76
0x5444a43aea36f3cf015aaf24a938ae6baee2614d,76
0x55d44591fc2d4ad7a79df4784cb0d166ea697935,76
0x5632cf9a1b4ac936a3c6d3d66eb75c0344c61c2d,76
0x56c935cac3d870b385724cae5eb8eea1505c777f,76
0x57a5575dfb19b6dc6822ffe978f281f3cbf51f59,76
0x57aeda024fdbc8e1ce19cb9a628ca39747e3661f,76
0x57c41131600af2d0ea74d7a7ffab385063b89267,76
0x57db5d6aa783cf29af41330569d24957140fd3eb,76
0x586e32930ac05127de429bd566eaa2758fcbd9bc,76
0x58a2f87490292bed41297fbdb50bbf716e80b016,76
0x58e92c4128a4c231e3af7daf205682e37689a759,76
0x5918edcb192ca5febc6bb9131265b6da6cb8ebbd,76
0x5999865518c9de250b820762130ff7a7119a4558,76
0x5a3a4dee6cd3424832b5c5bf20d4dfd370e0bdde,76
0x5a9c80f8af323177a03037674157d4120cc1f28b,76
0x5c3aa62df08fadf4bbb2cae10969cf143c958d46,76
0x5ce259aedcd14038ad2c35ecaa7b6b2974d339ac,76
0x5d21804de2cc32c573feb87c8bb1f7a6d6a9b59a,76
0x5d47e5d242a8f66a6286b0a2353868875f5d6068,76
0x5d594da5154a4236a4fd81edea808ba1338f3203,76
0x5e41408192ccb2be827e5d0d5f6ca1c5e1513131,76
0x5f82c97e9b1755237692a946ae814998bc0e2124,76
0x61117012f9fb63cf0e7c688c76bfc874db3c6874,76
0x6124fcd7d9abdcbdd0ff8c704a9bd35c05add22e,76
0x61fe73ae41b22416863faf6a7375714dc7929708,76
0x626dc1c3a2991dfc91973b68d4131ef8d1487513,76
0x6316ff9d2c96b6b122e0dd632ab5831e0bf5bd10,76
0x6365ca7eeac872310727dacebfd5c31fe9ebacea,76
0x650a4c05028d0cd1694f1ddd4c8b8c0b2a92e410,76
0x65a16b857a3c3d80c8fe3fa0cbfc588b5e12b50b,76
0x66c7a7348250f453a37cf86410a946f9668de386,76
0x67168517c1d0835147e2bd66e40a602e9fb9cbd9,76
0x671e961562cf7b173d018606f712999e3bdefc19,76
0x68803ac6443605374b029836c356964550596dc4,76
0x68d276dd346f39b0d0338388a3be0e2e2b28fac1,76
0x6976b21f3c91bd112aa41a6ef9be5212852db6f5,76
0x6977c96f21b14ed3ca106016c2e6b62f01d1153c,76
0x6a8ff90e596e037b2ded3881c19ab4fd1727a0c8,76
0x6b7cf8d60765d8a50df57f8228be215c202a3149,76
0x6c8a3edf2bae56fe85ee46ee108adf99b49e9288,76
0x6cfce9d4c30ba3210a3018a4e9a928715d836207,76
0x6d3bb376aff5d9197bf3f11e93e2f3dc554507e3,76
0x6d82dc3a4a2a2db99c841f44444642aafb329537,76
0x6dc1c317176fc1f7c1a7f299884c85b362f7b30e,76
0x6e197190de43166839665157274ee695456259f7,76
0x6ec62454447b9adacbebbae86687707a786c8530,76
0x6eede1c561f85f99aa5036bff1a950b615bc185d,76
0x6f35c522305449f05052e78aafbb0faba2c63ac0,76
0x6f9bb7e454f5b3eb2310343f0e99269dc2bb8a1d,76
0x6fcd805a06d424a45b226f951b0a7a7b662831bd,76
0x70d8e4ab175dfe0eab4e9a7f33e0a2d19f44001e,76
0x717ab1c60e79464ed2e2980a131fe5774b855789,76
0x7219786a67c3ccaf08545d8cc5634af1eb869e5c,76
0x7233e0d88eb304ecd1156089e1d39bbdb1223463,76
0x7245386b3e4d58a34eabbc32879dd95f0df697ba,76
0x7284a8451d9a0e7dc62b3a71c0593ea2ec5c5638,76
0x72d9f391dfc352105b8aa391475007d4bcefe1e4,76
0x73662eaaed75d7d2c86c8eb813edaff12966f5b3,76
0x736e108bcdd0c48771878caa148c1254689a941d,76
0x744bf16425eac4e497a9a01e7ab9bdb0b9f3af25,76
0x750d0162291a09397fcd46c75355a531c83ba26e,76
0x75c108df63381e5b2fae62d610d79a8915911aa8,76
0x761e5073ce61f548c9f0cf23255f623692bc77d7,76
0x77159783ed219c8dcafb63b2b8d69b24c774842d,76
0x77feecc45fa31f2639d4c1cee0ccbf138387d79b,76
0x7824282944b7cc7b8ef86ed9adbe21f49b247f97,76
0x782c7c0015ff2c58c9801a63eef8b6f48c8b7ae0,76
0x78dd172718512aa63629a526543ace1ad73e105f,76
0x7904adb48351af7b835cb061316795d5226b7f1a,76
0x7909c2883db0f3a7c2e36c19db241aa238a8be7a,76
0x793acdce9db7bc3269513652923d543b4818e817,76
0x797f63620e62dbc83a5bc88c6a43494ded428cbe,76
0x798342e1a0f01c5084f28c122f5e391fcd47e4b8,76
0x799a3539e0404b3c3085293692de1c91f074e001,76
0x79a666ab05291b497828530593440e783f8967a6,76
0x7a010a8f333595f02cec51034b00713ffcb2f1d8,76
0x7a0fbb294741a4d08ebc09e8937c44b87c4c0b85,76
0x7a4d3a7e9c30c13442a1cab2fa5e35f230d2b5fc,76
0x7bacf22f747f2f4b983081c0aa76dddfecd008ab,76
0x7c65eeefff2b7127df173b43b7c93b93ab75c7e7,76
0x7c6e177d9613bbbc80557816a19a342136b24654,76
0x7c76f4db70b7e2177de10de3e2f668dadcd11108,76
0x7c86e3644ba4f55340efd8156376585f65292284,76
0x7c8a61537c02afdff15ad6ae7d51dd25edceb0bd,76
0x7cc696a7734f459d55d1b4d716b1f56416f0c21f,76
0x7d07167d55edda306f7efb9a43a15a9b899698a7,76
0x7d957aa56820212bbd4c7667ad5e3e39215048a3,76
0x7e388444731c38189c0685f6d98605107ff59282,76
0x7e915cf29c5568e41493a4cd58e8519c1266e5da,76
0x7ea0aacaba3d6e5ec781585687ccdb7d1c25f5be,76
0x7ecb6ba13affacb84aee759be727c1429bd6c5eb,76
0x7f22f77a78e2f92fb4f6ed85df8eaa980e845ede,76
0x7f9095575034fadc9bcaeb29c5157c9c6a8d89ba,76
0x7fbe66206e5eb811173af1317bfa2a7838f4c270,76
0x7fd6558b81ae5e2153f0ec30bbe5d22268f17e7b,76
0x7ffdd8fefb6085886efe2651943bcb772432deef,76
0x8014a798ca117e4c44047f5c6cc617bc54296284,76
0x806add7659fd1fda4b1f2b981a90a12d3373b2fe,76
0x8197ebca4f7a0918156f188f53c3a47381bbdb73,76
0x81da4f0bcea8d330d790da28bf5349d29ad51fda,76
0x820ea75f004d100c9653633893f90749a9abf6e7,76
0x822cdf10f5e8276da05cd25bc66b9b7aa7a0fdb0,76
0x822ffaa09ae634306a3dfa60029e490ca508a315,76
0x823b92d6a4b2aed4b15675c7917c9f922ea8adad,76
0x825d634b9d22da526ceebda4fb7ad4d373cfe2ba,76
0x838b07f4304795cb5f9aa85dacf194765b3e469a,76
0x8433540c7e4d086e84a6e1cf4f99d8eea0e1ec09,76
0x8434d7761777d78eb84a90db24bd53010c727b2c,76
0x848102e06b5f603c7eca9923f8da8517ef99b4ab,76
0x8492abe1c9918d5df6c4fe39afa9803e52e4698b,76
0x852d0f03389681cb713795648bc157e878562786,76
0x85dc5fc2e2d5054a459890ce992106f58ecfa93c,76
0x87363ff605598806db84d53e0857f6b43e504d1c,76
0x879aff2c8d6e2f42f05441c4ae999e7815770bbd,76
0x879c2ee5adc372d0542d65d80ebfe647ac1a5f10,76
0x87dff96c4c59bd7a6f61a75778d1bcff51836923,76
0x885fbc6e02db6b1d26de3f73e80ad7f1ddc10021,76
0x894b9d839530e00ab9a3cd7a983951faeb7134dd,76
0x8985aebdb1adf244f1f3f8ad9ff89b8a045b5319,76
0x8a4eb42a4f95490f3200d74bc12618ef1336eeab,76
0x8a81126532a690e21debb35832cdda8b9c29fa26,76
0x8aae976f451280409ec273015cde282cf271ca66,76
0x8ad5ee55a8425a8a4938106050636e0901df4321,76
0x8b221a3b1b2675ab9e836904fb55742dc57b32ba,76
0x8b26754becb2f0b00f64a4345da8e0f53ddab673,76
0x8c35b33aec81f4aa0c048b79542ec19b3e905690,76
0x8d6c5458a590e2b0ae84c0e1a36a223987bc15c7,76
0x8e2b4f283e3828b41343c4b24549b5a5b36b6632,76
0x8e45a9e69ae3736671b76de9a42b783db507eb70,76
0x8e7a2da15b5f9b3a443a8551635ba6618fc62e2d,76
0x8e831f16c2aec702f3ef81f2b6ae70dd19fbe08c,76
0x8e8361ffcb8345772b73d5e7598a693baa1737c1,76
0x8f46901fc234cd942b88e6056ea58226207f4ca5,76
0x8fa940ddfe1f040a02c549a280ed47a93a3b9f38,76
0x8fdd0cf22012a5fecdbf77ef30d9e9834dc1bf0a,76
0x90c3729672a0b7a9bb7553e76c477cf873e3bc33,76
0x91351a04b3365808518d22db2884d3c288a4bbd1,76
0x91519989101d5d5f1a5a364a76194b15a9098a4d,76
0x91926cbd5e62ba322c7680fc9182f914de285533,76
0x9357dd3844efef1643e332dc934765d28c85e562,76
0x93667dcc21f791f71c4d8ec19ab5fcbbae06a389,76
0x9389d9e95f8d409b1e6ca7085f0ada92e546ee5f,76
0x9418f78a010e66af9ac9a0fc569a7cc52a2d2ee3,76
0x94365ea858d1fdab697830122d6e3cd39754f167,76
0x950c6642b37e74a8d1feb21cabcc0843552da9c6,76
0x95655aae7f5079ac99d640f5b3633156b41e7108,76
0x958f5159b62a864419ee492008061fdef2e1f8d0,76
0x95d97be6bd003679a9cd856132f1128062af48d8,76
0x9709a9f77d4349e1da4220f1458fbe9339d612e3,76
0x98d29f6b55b59cef1d6c4c9f9b065302989d23d1,76
0x9939d74f7cc25f93dced7c9fa2cb8c76897f21fc,76
0x99cd4625a58c27df7616fd4e5caba5803a875cfd,76
0x99e39611e125ad59214ab8bc62c2e79ef39d1ae0,76
0x9b1b504491fc206368bf048ff564249d8a81caa9,76
0x9b4c75ce8d7006620df39e8757ade75d6434a6fe,76
0x9bb36404df5455eeb80205e5730631c6a1d64c9d,76
0x9c14b155d57962c26e66bd7fd9794cae483c6555,76
0x9c9550871c8d714e90ee03e610b21f156381bdf1,76
0x9c9c45ce02fe2d66bff2f2e6eb381d54c3a6616a,76
0x9d5f75adc1659bc69732c7f915dfff7faded2290,76
0x9df7c98c933a0cb409606a3a24b1660a70283542,76
0x9e3debb15bc97dcdb5ade6fe1ea171bd7256a5f1,76
0x9e64b47bbdb9c1f7b599f11987b84c416c0c4110,76
0x9e9bf7495369e73e76e0f41c00481b16a270711c,76
0x9eb24c1ea221216158b7908179c13192fee89b4a,76
0x9eef6676addfffaf0279938b677d8a86e042c74c,76
0x9f94c214bd9064ac698dbb85940c073d37619189,76
0xa01105221729a59f1e6a3ed606b065977525a151,76
0xa0463d9133f97968f30ef5e761ecbde587ddd918,76
0xa0c903f8795172a7915e68f5c06df10846d938d0,76
0xa1998b821c37519889af52f95d1b9dd0d5167d6a,76
0xa1c0534ee785a30455fcd45bbdee3a6b6227632d,76
0xa1df7157e5eb60c4f9bcffb6a2f725a4b6492ca7,76
0xa1efa0adecb7f5691605899d13285928ae025844,76
0xa248c8099d6763f5bfa7822677c367a568047bcd,76
0xa2a2425b245c974c38046fab0ca46d1d376f8caa,76
0xa35aa0870ff12d4672f2601c80276fe98a9bfc01,76
0xa36e9f78e3a11468ccf88b99b3015f471b6ad508,76
0xa456da10f3cb6116110c61d0e9a150a6406d1a15,76
0xa4da0f347c6abe0e8bc71b5981fd92b364eda4c2,76
0xa4f965e38a7d2795f43eebbed1c160319adbee04,76
0xa4fcd20d161f62dabadf89e30e418ea0b3d2efcf,76
0xa5159e0a53863fb27030b43e35d38d844c14746e,76
0xa53a13a80d72a855481de5211e7654fabdfe3526,76
0xa55f6f54f7e0e11396904031b0e870cdc910bf75,76
0xa58fab297f20cd2fc16c1fa117681697f52f240a,76
0xa5d32c621b11696a24efbfbbb6ef550ffcb29b28,76
0xa5e65bf39c35dc7bc11f049be9a62f3c96944921,76
0xa675d0598631414eff11d81c4831ebfea776c87b,76
0xa6b5b157670fc71dd34b3e4c8336fe72c0358c78,76
0xa744ccc445f6a81ff48e9aee199f3b36d6968346,76
0xa7615cd307f323172331865181dc8b80a2834324,76
0xa7b95d2a2d10028cc4450e453151181cbcac74fc,76
0xa84aa8d0f9e3bf701cebf421b584becfc714881c,76
0xa87259f8e14364953d91f8541a7ba0b32e5e7008,76
0xa87ab61574a159ee2466ed44dadcd7b9fb292ec1,76
0xa8f0b0b9ea90cbbed60b615c1fd892099156ebcb,76
0xa900f41187fffa3524ba8243cd1570bcb338f710,76
0xa97e59e27a73b019a83e5fcf58823ab0a7612463,76
0xa9bbd5b83ffc706342555e4a38c9c06b2e7441e5,76
0xaa666dd5b7db78516a812b772fe5c1d67c66f270,76
0xaaa24678f36c28baa3beaf86bd065dd18a85df24,76
0xab61719309bf30cda379b45ac33326b24261f956,76
0xab8791b0ae982187b4fb4ae4612bd4c29ec6c110,76
0xac531fe206ede816b4c97a3480ad48a4ab1d2a9b,76
0xacfa1c0a40ef81872fb7a674a406ef25164dcbd8,76
0xad52d26c3a57764a289f5bb1cca0720e63f317ff,76
0xada3227eac864faa6c1f2e148b36467b740b936b,76
0xadb93d31362b2aaf970cc7871fd79ed2d5706d55,76
0xaef23ca0ebdfa98c036e724df028572bf89251e9,76
0xaf4d7e7b9deba33b7ae57d08bd8eae8ab55d8254,76
0xaf7b6cd84a798fa1d58adcde725681ff3d196b60,76
0xaf7f2ee8a6ddeb1e4b0fbdc8b0ed294e0a8bf1ec,76
0xafcdc9b44b3d9725d9bffd6c0b4b58c37d197490,76
0xafdc7b014631bf1fc2fbfe91fb4fe2effb463bc3,76
0xb06068f25c6b6944593a91d36a8e4f88985dd846,76
0xb0a4e99371dfb0734f002ae274933b4888f618ef,76
0xb141936c797fb48714c37f9168d8dedd47975191,76
0xb16ee2a981cce4c4c075b2bd9406d5074da02727,76
0xb17ddd51d6121cf4e9b2decdb97c7c3ded072678,76
0xb1a428f7cf26db51efd8631ab1869d7cd4f42177,76
0xb1c1a8fe5cee6ee090c1d575f3f2a77f50713fb4,76
0xb210fa87b8b25c26648a4226ed0fdfaf5cfea736,76
0xb32b2fb57152a6091fba9fb4803e2df0097c55b4,76
0xb335d18843137b21db0c9ebc23e7ed9f0d33f14d,76
0xb3375a5c855d36c895f3c00e681be1094a5b9d4b,76
0xb36d37110417c0ca0b79b5d262868cc9444f7550,76
0xb3a2e95ad1a062ae4716e1568d8f80d2228461bc,76
0xb3b50e22f2d7db7838f0888791a7a7fd637e9164,76
0xb3d77ebc988eb7265f8b145accb27bcf2722ee0a,76
0xb3de746d56c652ea0390233a135a4011cacd9be5,76
0xb3fbe25be2e8ca097e9ac924e94af000dd3a5663,76
0xb4390289cf47c5c05626cf75ab4da28e70de3e1a,76
0xb43c9bd6b8fd1816daec30075000c5f0f1a7c9c5,76
0xb476a9ea9376b04972b40b40a4ca91d3e5f964a7,76
0xb528c573ddd7acaba1a1da77a4fd5a1ea4a32990,76
0xb52c52486b13ddddad792f671894408d16e1c048,76
0xb5b4c4f6a656e6a9c1fc301b206b99af95215245,76
0xb5d70109847cbc4aef541f4ad19c741f8b3dbe1e,76
0xb6d94226eab23ac1602113bae51e0f37d92a50bf,76
0xb73175a10dbebd97ba55fa6b869b1492492f75ea,76
0xb78f8384ff0689357dd03e1c2f5214d3845b623d,76
0xb7ae6069b68eef3f8148c71824864de8be5b6691,76
0xb825beb4ea6ea1285bb68f7cdafab6ba8bae6dc2,76
0xba3481444e4d9df34fb9f4c2aed1ee6435d0bb04,76
0xbcba34246db4f560fc19b9a56111b90f8cadb248,76
0xbdb78cf560861ed2bc56b1847e67a011666d16a9,76
0xbddf6cf9c825b319aef8fa3e6f8c7afbb4aaad22,76
0xbe0f77b3daf54658fd39ce81f1588d93d8c0b12d,76
0xbf7faf866f2a4a003216fa224fe75bd2737d86ff,76
0xc04d6b100cdbb807bb7913fa68ff0d5990e43dbe,76
0xc080e234dba2545e93872ce6e96e683a4e29046b,76
0xc09544da6f50441c024ec150ecedc72de558ce94,76
0xc15792b8578fc26c10de7f88191ecff579151866,76
0xc209cc607c81ca7d8c0bfca7bfd6144c74a7e238,76
0xc243e3aba71b76c1ea70e24c0295566119fd9131,76
0xc255f2dfca4629d3f5a29df69ee3d3189cc0114e,76
0xc373decd953ed7e4fd78f4c39aa41a44448fb6f1,76
0xc38fe630dd7b1de5a95a860871e75329d9c4e5a2,76
0xc39d34e038909a98996e01613200300d6b28fc19,76
0xc410fa737c0a6cea167a8a4281505446a12eb720,76
0xc485cf598a2f0cd43adbbccf4eee85a182746e4e,76
0xc4b485a4a6faf2a8e17a57f8ed198f058fe2b408,76
0xc5c04a665048403b7d7f4f5f1b165cf64385d9c7,76
0xc5d16847874f3c47c5dfec353d01105896459d0f,76
0xc66adf81f5002a9f7d8f0e3ec2a523e4a628406b,76
0xc691635a9702d8a7a3a3b69a96623739be260965,76
0xc7a26276b1d69ad69f9d8e02d37736852d2a2c9a,76
0xc90275147759a3ef98c4ebd1db6be03acec13b26,76
0xc9d60bff572994049821c1f93bb81e4f05b9fb4d,76
0xca125321e0a8a60d882f1b38fb7077aaa8eaf53b,76
0xca1dbc246cd82d379f3df25732ca79ffe12b6032,76
0xca248e880da1b0d24fe71d338c4ed04f1faf3b9e,76
0xca380658db5bb34c62cd1bdb515536a11a5b8e91,76
0xcaba1a66f0049ab97256d75eeb48d540a7a1f8ff,76
0xcb59db511a5922303cc867e2853d5cad72698deb,76
0xcb6cd899d2c830e28b4ecb9b677aad651bb70451,76
0xcb71eb21f53a2f4de0f26dc90518df10be13d1ec,76
0xcb7781c800ceae7dfa5f24e315383d34d8570402,76
0xcbdb75a5741561e347d4508d96d850f83dcc36ca,76
0xcc896ace93c88746ec7dd09e1fc54ffe27fe66cd,76
0xcce25be0e833dc0ffcefa12bf1867a972e15bc2b,76
0xcd35bd62fd15e732b5c8f4a5c878e968547aeaf2,76
0xcd5f8fa45e0ca0937f86006b9ee8fe1eedee5fc4,76
0xcd823142b266f3da24d16f761b4a4f27b7a13596,76
0xcdebcf59ee33978320ca2ebcd433ace6144c63c4,76
0xd03ff5274e6ff0b43cee31cafe1c40324fe5d33c,76
0xd055d0a6cb3a35208b9ffd00af37b496bd7b158d,76
0xd0d47c32db648def5e0322db922c4368b387e62e,76
0xd18a54f89603fe4301b29ef6a8ab11b9ba24f139,76
0xd1c2df69261ce294f0f26423cac49dd2a5bd5cf1,76
0xd27078955887e164fd818869a2953d5eb8aee2db,76
0xd3069c9e486a8b77add55ae3ceb3a4b138fb76c7,76
0xd3293cbdb67c4fa6dfd4661c10f11d5b9ea9bcd8,76
0xd34b49026e2822cfb8b10618d54c312a07139bc6,76
0xd3a2a4287647f61eb43922682e96fc9b434605a7,76
0xd3b316c638c7c1989900527917e4bcdd0daab004,76
0xd419f03dafb01a0132e79a27378733c8d23a9db4,76
0xd441b7e82e11d66b981f879fb1d4720876ec941b,76
0xd4866d842fe47c227e0113d91663fdf5c47270a3,76
0xd48fd91c7c26a55804352f16700c7e8c4fa6bab2,76
0xd4c80637f45a55b5e1afa9cd0c935395063d4523,76
0xd4e09cbaee9b6099ce7f5077dbcb30017da2b2f6,76
0xd6b67750bb8181a327bebe28a1b5b2b440b6cff3,76
0xd7053db54a65f4c0e8707608b11ee1230951e387,76
0xd7925984736824b4aecf8301c9aee211cd976494,76
0xd7bda9d89e4a518f376442393086b9798b3ac743,76
0xd7c54a8aac751b5aec70515456d85fd81577e9f8,76
0xd7c627247c6992349199a935b8d7b1710aed3f25,76
0xd84101ae36b83e64b52ac9a61efa4497f8fd2560,76
0xd8595ac2836b7a8040f046e751b42088436b6365,76
0xd894c048c27469ee7a573327382be9f4ce54414d,76
0xd918fe4229e53ecbf53de43c2a5b5e3aa735c341,76
0xd9b99266c42d427bb3a64f30a0242bbeb41f6830,76
0xda81f406543d3a8ad6ed5a64037628af237a8256,76
0xdb15485f9d4397a1687cb3f4b372acb9794a923d,76
0xdb88b5b0df1eeb8d30263b7a1b31618b0bc61e3e,76
0xdc35c2e0ba72de06c2ad4220bfe5666981a0de45,76
0xdcba6c8d1eb1b8e8f1326770383e1026178f34bb,76
0xdcfa077f4fdd8295b2efafb5110bfa56e204a832,76
0xdfcd4f74729d858f98fe0028d05b27226f0e8bdb,76
0xe00d58e8a4850f231c8482681657501d0e49703b,76
0xe0273391e1ef99e63216535b65739ab9154bc887,76
0xe028ca95d7bc5ff69e8154f7ab793fb206ec6429,76
0xe1478cbf115c2d6bec1572e0e6a43a2dfadca15a,76
0xe1a83c678e6ca74f779de0507408ce368a026ee9,76
0xe1aa177276a304510b5168395dfade2de2e91479,76
0xe1b0e71dfbf82eb2521ed94508e9b0b6eed6a634,76
0xe1c8917a4f45d50c6a66cd82a3f37f1a7d798746,76
0xe20ee1d250c8d3e0bd140306121001bfdc7a1201,76
0xe2ac7b18ff15335b550b5b595f5e14864fd26e0c,76
0xe2dc7f52ea0b5b0eb8a97eeed7ef409dd20e6213,76
0xe454bd61976cba5ea4752a64bb6cf3f8ee2df7f0,76
0xe4c34e8a157442512f12447cdde16bf645240d10,76
0xe4f60f6fe872d5b910e72a11d09cdcf3780d20db,76
0xe5c10b9988ce6f1e56cc3a142f2364edfa890ce5,76
0xe5dd78c224f26e306c84a9b1aa2def30bdf15835,76
0xe64ea228db1527c0a4fea11877ad832fff692386,76
0xe685023e4dba2ba2633450ebf21bafdf1bdee2d6,76
0xe6ae3c8fb8ba650dccbc38b997a022051826ba90,76
0xe6f9db037c4d1622da102738849352de0175403b,76
0xe74864c33be4d8da148e0e3a21d345cbe6ec9677,76
0xe77552bd37a8703e4c54b4e3ff259418fd28a831,76
0xe77884cddf148dd5f0e9191b33d8dbaddb16dfb5,76
0xe864166688e95618920e32619753e23175f189ce,76
0xe895f40ecf7f32f3c57127c242f961ea93d0470e,76
0xe8992b1d0737c4cc587eaafe13d7563bd50b5c14,76
0xe8bf424e047372d249d0826c5567655ba3b72f18,76
0xe98604413c217ea6f0f338506d9903815cd231ad,76
0xe9e9b34920131985d5e948c56cc8e34a9e1fcf22,76
0xea398010f27e03b33cb022d076a41978561e845d,76
0xea4644472a98722dcd26b49abf5b8b4ac55779b7,76
0xea58392c30bb65355d555f772f6a5c69da564e61,76
0xeb38616ff63fd82eac754135e2068271ec8a2c1d,76
0xebbcc9b60e2b819f2758c205c8cd986133d21005,76
0xebe8e5d92957c947bdcf9970fdb9898632fdca80,76
0xec3ca7ceb5c328c2f3a4d12e508afacbfc3ed087,76
0xecbc2901efd668a049ec86e847c3a70552d128a7,76
0xecf65013b943b0f15cfc09882d2afa273d0bb7e8,76
0xed60eac23f638d2c4e28ba681a0539b7e63a23bd,76
0xed9921bccf920dcc84ff1007e1098ccfe983c8b6,76
0xedfbdcacb9646e3c017321bfbc8c1bf82a8fc12f,76
0xef73776fe0820387cb210c185d440e60648d53f8,76
0xf0b22f7e45a223a106c35eda11bd055a70a234dd,76
0xf0e501e38ed216565ddc50d3f405fe5e5de4a563,76
0xf116412407a9c607475f6bf8ab4b1f500b74ad0c,76
0xf16d75faa453755891196fdc08819bc5527d5806,76
0xf189bda172ddc4b6250b8c2cfbc174af18d3ad29,76
0xf240a25436a1d5de6d5686c736f8c3571b322980,76
0xf2620f8c4bdc46a55d0e3f39569d0d154f5d1981,76
0xf3061977e324ac93e7621f397dffc7bc78489fd4,76
0xf308ee61c13681214139fd28f87b1722ecac0f5b,76
0xf403408c8c3151297e803fc43bca4c59d3e9cfc3,76
0xf4ae6165c3e05ae7426c5b5200e8b9a7565ac595,76
0xf4ba1b19e8065adf06b1e168e919836730304b6c,76
0xf55868968409401ec70e3527c3dc50335ee27f4e,76
0xf6b92a7fbfd0c93ee5bfec23241b5f0a233e3209,76
0xf6fdee29e3a14610fdbe187e2d3442543cfa45b8,76
0xf73dc742b6ca210a153ea556ca79b6a7ebbeaaeb,76
0xf85a551811c40e7ffb912a21efe2c26277be8ebc,76
0xf8715c5d6d9404cda3b87aef8f358dfe1b70ab98,76
0xf9827f0bce81619704a71fcbfa75bb36ccad25c3,76
0xf9c5384c9711dfd958e27856fb4640a8ad660def,76
0xf9e7a0db9b0d87b34e0662bc890992a686a6e725,76
0xfa3f9f5b7765becfa6fe6e440a17ab4f2eb7e40a,76
0xfa540b8242565c014773ced9f0c45bfdd0ed1a8f,76
0xfa5756494fea34c83808ccb6626f6b7e66d46c4c,76
0xfaf95953a36ed1e8f8426ab5b7eb53da246e3476,76
0xfcf82ae7bd5267463cbf8ab2c9b23a5840577c6e,76
0xfcf8dd90c50d2f7fd7b292ba6820ad09080442e4,76
0xfd72fac7d08f9912e5d02091417304d5a0072e2b,76
0xfd991e47e8aa1ec50ffd57f1678522ac2284e3b8,76
0xfdc30eeef0e0bd0c778df4f296e16584e6de7aa6,76
0xfdc6a17917115498a3ed417d4a89224685f26ea3,76
0xfdd43923340736ffbcb31c808ac644922c1df05d,76
0xfde695f57f1800f6a6012038ba6263f436b3cf68,76
0xfe1fa114b6899bd8c20e0d08401cada067523421,76
0xfe5ac7992254e93b9aa4d4f1f4dacf01150d85ca,76
0xfe77e90202e55b6593ba98b3c78da84b7f483d8e,76
0xfed42cf9afb5ac6ae4d5d2554d28e4116b8c1db4,76
0xff392e83a03f1870b67522b48bf515af9ec124e0,76
0xff8d6b097316edb07fb6a8f0598a8b457661bdcd,76
0xffbc36636cffeee51593f6f8048f618138b5b793,76
0xffd2f29802045afe867ab313a95d940f168d8e76,76
0xffe11dd3d666da59802f61670b0664519c20f94c,76
0xfff801e0bf28c9582420eeec66830c69c5670159,76
0x0edc54de83d5807f59bd046a0ce3efb23e303c6c,75.82072191
0xa17f75c6d52951699350f308d1220e2dca7b4cda,75.65009571
0x1e8a74cccd6d6c3d4bd33a5e863f039de904e9bf,75.59361584
0x1e85027191716fa61d97483f26637ba8e4359929,75.42381366
0xe46ef6511465e07573e83f98a4d6a9bda544c3ce,75.41533121
0xac2ee30cbfbc1666be74160dd1af17d32a1db30b,75.34303266
0xc6e8accdfb5a93e170fcd71e7b662201e536bc68,75.12630881
0xbf708ce00c8825ae23ce0d712cebdb7621d670cb,74.95059081
0xc862784d66586ca9f8b339932a8793b462b1deaf,74.94999497
0xb0973dfe732ac86c20fd2d62ab68b6bac9eb376e,74.91172385
0x68f5924cafc5896405a6501939b938109707941d,74.56874801
0xea1b3a8fc8342590eb955f1a4194c007189b3159,74.39183753
